Workbook

Sheet Sheet1
A1: client_name | B1: client_type | C1: product_name | D1: quantity | E1: delivery_date
A2: Falabella | B2: Existing | C2: =_xlfn.XLOOKUP(Table1[[#This Row],[client_name]],Sheet2!$A$1:$A$5,Sheet2!$B$1:$B$5,"Not Found",0,1) -> Perfume | D2: 150 | E2: 46174
A3: Paris | B3: Emergency | C3: =_xlfn.XLOOKUP(Table1[[#This Row],[client_name]],Sheet2!$A$1:$A$5,Sheet2!$B$1:$B$5,"Not Found",0,1) -> Perfume | D3: 350 | E3: 46175
A4: Ripley | B4: Existing | C4: =_xlfn.XLOOKUP(Table1[[#This Row],[client_name]],Sheet2!$A$1:$A$5,Sheet2!$B$1:$B$5,"Not Found",0,1) -> Perfume | D4: 95 | E4: 46176
A5: Silk perfumes | B5: New | C5: =_xlfn.XLOOKUP(Table1[[#This Row],[client_name]],Sheet2!$A$1:$A$5,Sheet2!$B$1:$B$5,"Not Found",0,1) -> Perfume | D5: 50 | E5: 46177
A6: Elite perfumes | B6: New | C6: =_xlfn.XLOOKUP(Table1[[#This Row],[client_name]],Sheet2!$A$1:$A$5,Sheet2!$B$1:$B$5,"Not Found",0,1) -> Perfume | D6: 75 | E6: 46178
A7: Ripley | B7: Existing | C7: =_xlfn.XLOOKUP(Table1[[#This Row],[client_name]],Sheet2!$A$1:$A$5,Sheet2!$B$1:$B$5,"Not Found",0,1) -> Perfume | D7: 130 | E7: 46179
A8: Elite perfumes | B8: New | C8: =_xlfn.XLOOKUP(Table1[[#This Row],[client_name]],Sheet2!$A$1:$A$5,Sheet2!$B$1:$B$5,"Not Found",0,1) -> Perfume | D8: 75 | E8: 46180
A9: Silk perfumes | B9: New | C9: =_xlfn.XLOOKUP(Table1[[#This Row],[client_name]],Sheet2!$A$1:$A$5,Sheet2!$B$1:$B$5,"Not Found",0,1) -> Perfume | D9: 75 | E9: 46181
A10: Falabella | B10: Emergency | C10: =_xlfn.XLOOKUP(Table1[[#This Row],[client_name]],Sheet2!$A$1:$A$5,Sheet2!$B$1:$B$5,"Not Found",0,1) -> Perfume | D10: 150 | E10: 46182
A11: Paris | B11: Existing | C11: =_xlfn.XLOOKUP(Table1[[#This Row],[client_name]],Sheet2!$A$1:$A$5,Sheet2!$B$1:$B$5,"Not Found",0,1) -> Perfume | D11: 170 | E11: 46183
A12: Ripley | B12: Emergency | C12: =_xlfn.XLOOKUP(Table1[[#This Row],[client_name]],Sheet2!$A$1:$A$5,Sheet2!$B$1:$B$5,"Not Found",0,1) -> Perfume | D12: 300 | E12: 46184
A13: Falabella | B13: Emergency | C13: =_xlfn.XLOOKUP(Table1[[#This Row],[client_name]],Sheet2!$A$1:$A$5,Sheet2!$B$1:$B$5,"Not Found",0,1) -> Perfume | D13: 450 | E13: 46185
... A44: Ripley | B44: Emergency | C44: =_xlfn.XLOOKUP(Table1[[#This Row],[client_name]],Sheet2!$A$1:$A$5,Sheet2!$B$1:$B$5,"Not Found",0,1) -> Perfume | D44: 650 | E44: 46216

Sheet Sheet2
A1: Falabella | B1: Perfume
A2: Paris | B2: Perfume
A3: Ripley | B3: Perfume
A4: Silk perfumes | B4: Perfume
A5: Elite perfumes | B5: Perfume
